Task,Millis,FSR 3,system_cal ,theta_comp ,Shoulder X,Shoulder Y,Elbow X,Elbow
lifting,16119,14,89.67,29.77,1.39,-35.06,-13.48,45
lifting,16130,12,89.66,29.76,1.39,-35.06,-13.48,45
lifting,16140,16,89.65,29.65,1.39,-35.06,-13.48,45
lifting,16150,15,89.66,29.59,1.39,-35.06,-13.48,45
lifting,16160,12,89.69,29.48,1.39,-35.06,-13.48,45
lifting,16171,13,89.74,29.95,1.39,-35.06,-13.48,45
lifting,16181,15,89.78,30.53,1.39,-35.06,-13.48,45
lifting,16190,14,89.79,30.64,1.39,-35.06,-13.48,45
lifting,16200,15,89.78,30.76,1.39,-35.06,-13.48,46
lifting,16210,12,89.80,31.50,1.39,-35.06,-12.91,46
lifting,16221,11,89.83,32.41,1.39,-35.06,-12.91,46
lifting,16232,14,89.88,33.30,1.39,-35.06,-12.91,46
lifting,16242,16,89.93,34.43,1.39,-35.06,-12.25,46
lifting,16252,13,90.01,36.65,1.39,-35.06,-12.25,46
lifting,16263,11,90.16,41.46,1.39,-35.06,-12.25,41
lifting,16275,14,90.35,44.74,1.39,-35.06,-11.52,43
lifting,16287,21,90.47,47.00,0.80,-35.06,-11.02,47
lifting,16299,28,90.56,49.05,0.80,-36.04,-10.45,46
lifting,16309,27,90.65,51.43,0.80,-35.38,-10.45,46
lifting,16319,28,90.76,54.59,0.80,-35.38,-9.79,46
lifting,16328,31,90.84,57.53,0.80,-35.38,-9.79,46
lifting,16338,39,90.89,59.99,0.25,-37.15,-9.79,47
lifting,16349,44,90.92,62.08,0.25,-43.34,-9.79,47
lifting,16359,42,91.01,66.65,0.25,-35.02,-11.69,47
lifting,16369,41,91.08,58.09,0.25,-34.35,-17.77,47
lifting,16379,45,91.08,61.73,-0.28,-35.17,-9.24,47
lifting,16390,45,91.08,63.73,-0.28,-35.17,-9.24,47
lifting,16400,48,91.04,64.26,-0.28,-35.17,-9.24,47
lifting,16410,49,91.02,65.17,-0.28,-35.17,-8.48,47
lifting,16419,51,91.00,65.91,-0.28,-35.17,-8.48,47
lifting,16430,46,91.01,67.20,-0.28,-35.17,-8.48,47
lifting,16440,50,90.99,68.21,-0.28,-35.73,-8.48,47
lifting,16450,51,90.96,69.34,-0.28,-35.73,-8.48,47
lifting,16460,50,90.97,72.07,-0.28,-35.73,-8.48,47
lifting,16471,47,90.99,74.13,-0.28,-35.73,-8.48,47
lifting,16481,40,90.99,76.24,-0.28,-35.73,-8.48,46
lifting,16492,40,90.99,78.31,-0.28,-35.73,-8.48,46
lifting,16502,39,90.99,80.51,-0.28,-35.73,-8.48,45
lifting,16513,32,90.99,83.12,-0.28,-35.73,-8.48,45
lifting,16525,26,90.99,85.67,-0.28,-36.26,-8.48,45
lifting,16537,22,90.99,87.92,-0.28,-36.26,-8.48,45
lifting,16548,22,90.99,90.64,-0.28,-36.26,-8.48,45
lifting,16559,23,90.99,92.49,-0.28,-36.26,-8.48,45
lifting,16569,21,90.99,93.39,-0.28,-36.26,-8.48,44
lifting,16579,7,90.99,94.32,-0.28,-36.26,-10.77,44
lifting,16589,10,90.99,95.20,-0.28,-36.26,-18.57,43
lifting,16600,4,90.99,96.38,-0.28,-36.26,-16.51,43
lifting,16609,6,90.99,98.70,-0.28,-36.26,-8.43,43
lifting,16619,3,90.99,101.00,-0.28,-36.26,-8.43,43
lifting,16629,3,90.99,103.07,-0.28,-36.26,-8.43,43
lifting,16640,6,90.99,105.34,-0.28,-36.26,-8.43,43
lifting,16650,3,90.99,106.89,-0.28,-36.26,-8.43,43
lifting,16660,4,90.99,108.02,0.23,-36.26,-8.43,43
lifting,16670,2,90.99,107.05,0.23,-36.26,-8.43,42
lifting,16679,4,90.99,105.13,0.23,-36.26,-8.43,42
lifting,16690,2,90.99,101.83,0.23,-36.26,-8.43,42
lifting,16700,4,90.99,98.84,0.23,-36.79,-8.43,42
lifting,16710,3,90.99,95.80,0.23,-36.79,-8.96,41
lifting,16720,0,90.99,91.82,0.23,-36.79,-8.96,41
lifting,16730,2,90.99,88.67,0.23,-36.79,-8.96,41
lifting,16740,0,90.99,85.44,0.23,-36.79,-8.96,41
lifting,16750,2,90.99,82.39,-0.27,-36.79,-8.96,41
lifting,16760,0,90.99,79.77,-0.27,-36.79,-8.96,40
lifting,16771,2,90.99,76.45,-0.27,-36.79,-8.96,40
lifting,16780,3,90.57,73.05,-0.27,-36.79,-8.96,40
lifting,16790,8,90.08,70.13,-0.27,-36.79,-8.96,40
lifting,16800,6,89.58,67.43,-0.27,-37.33,-8.96,40
lifting,16811,5,89.13,64.81,-0.27,-37.33,-8.96,39
lifting,16821,7,88.58,62.26,-0.27,-37.33,-8.96,39
lifting,16831,7,88.09,59.81,1.45,-37.33,-8.96,39
lifting,16840,5,87.63,58.07,1.45,-37.33,-8.96,39
lifting,16850,6,87.15,55.42,1.45,-37.33,-8.96,39
lifting,16861,8,86.65,52.56,1.95,-37.33,-9.56,38
lifting,16871,5,86.18,49.52,-0.11,-37.33,-9.56,38
lifting,16881,6,85.69,46.53,-6.45,-37.33,-9.56,38
lifting,16892,8,85.18,43.90,-0.33,-37.33,-9.56,38
lifting,16903,6,84.55,41.81,-0.33,-37.87,-9.56,31
lifting,16913,0,83.96,39.91,-0.33,-37.87,-10.16,34
lifting,16925,3,83.34,38.29,-0.33,-37.87,-10.16,37
lifting,16937,7,82.73,36.34,-0.33,-37.87,-10.16,37
lifting,16949,8,82.08,34.15,-0.33,-37.87,-10.71,37
lifting,16959,6,81.56,32.36,0.23,-37.87,-10.71,37
lifting,16969,6,80.95,30.60,0.23,-38.44,-10.71,36
lifting,16979,2,80.42,28.60,0.23,-38.44,-11.40,36
lifting,16990,6,79.74,26.47,0.23,-38.44,-11.40,35
lifting,17000,3,79.15,24.57,0.23,-38.44,-11.40,35
lifting,17010,0,78.52,23.36,0.23,-38.44,-11.40,35
lifting,17019,3,77.91,22.12,1.02,-38.44,-11.40,34
lifting,17030,10,77.28,20.67,2.11,-38.44,-11.96,34
lifting,17040,15,76.61,19.27,1.05,-38.96,-11.96,34
lifting,17050,18,75.96,17.69,-0.34,-38.96,-12.53,33
lifting,17060,14,75.26,16.21,-4.55,-38.96,-12.53,33
lifting,17071,18,74.44,14.83,1.52,-39.66,-13.05,33
lifting,17081,17,73.77,13.67,2.12,-39.66,-13.05,33
lifting,17091,16,73.08,12.41,2.04,-39.66,-13.05,32
lifting,17101,14,72.36,11.05,3.53,-39.66,-13.56,32
lifting,17112,16,71.64,10.00,1.63,-39.66,-13.56,32
lifting,17122,17,70.84,8.79,2.13,-40.22,-13.56,32
lifting,17134,17,69.98,7.55,2.13,-40.22,-14.09,32
lifting,17146,18,69.12,6.67,2.13,-40.22,-14.09,31
lifting,17157,18,68.40,5.79,2.64,-40.76,-14.09,31
lifting,17167,16,67.79,4.83,3.30,-40.76,-14.67,30
lifting,17178,12,67.16,3.13,3.30,-40.76,-14.67,30
lifting,17189,15,66.49,2.19,3.30,-41.43,-14.67,30
lifting,17200,13,65.44,1.13,3.30,-41.43,-14.67,30
lifting,17210,13,64.71,0.31,2.16,-41.43,-15.29,29
lifting,17220,18,63.88,-0.32,-1.59,-42.03,-15.29,29
lifting,17230,18,63.09,-1.08,4.37,-42.03,-15.87,29
lifting,17240,13,62.22,-1.80,4.37,-42.03,-15.87,29
lifting,17250,13,61.42,-2.50,4.37,-42.56,-15.87,29
lifting,17260,12,60.62,-3.10,4.91,-42.56,-15.87,29
lifting,17270,17,59.83,-3.74,4.91,-42.56,-16.48,29
lifting,17281,13,58.88,-4.55,6.05,-43.11,-17.11,29
lifting,17291,13,58.17,-5.05,7.48,-43.11,-17.11,28
lifting,17301,14,57.38,-5.65,4.41,-43.11,-17.11,28
lifting,17311,11,56.61,-6.27,1.53,-43.68,-17.62,28
lifting,17320,15,55.81,-6.87,6.65,-43.68,-17.62,28
lifting,17331,15,54.97,-7.45,6.65,-43.68,-17.62,28
lifting,17341,17,54.17,-8.00,6.65,-43.68,-17.62,28
lifting,17351,15,53.35,-8.46,7.31,-44.20,-18.14,28
lifting,17361,13,52.55,-8.94,7.31,-44.20,-18.14,28
lifting,17372,11,51.72,-9.44,7.93,-44.20,-18.14,28
lifting,17383,11,50.95,-9.92,7.93,-44.70,-18.81,27
lifting,17395,15,49.99,-10.34,8.47,-45.36,-19.39,27
lifting,17404,17,49.22,-10.74,9.09,-47.64,-19.39,27
lifting,17415,17,48.38,-11.12,9.09,-49.46,-19.39,26
lifting,17428,15,47.46,-11.46,9.67,-48.90,-19.98,26
lifting,17439,13,46.61,-11.88,9.67,-45.05,-19.98,26
lifting,17449,11,45.73,-12.31,9.67,-45.96,-19.98,26
lifting,17460,16,44.87,-12.67,10.29,-45.96,-20.59,26
lifting,17470,13,43.98,-12.94,10.29,-45.96,-21.17,26
lifting,17480,16,43.13,-13.20,10.29,-46.52,-21.17,26
lifting,17490,7,42.27,-13.39,10.92,-46.52,-21.17,26
lifting,17501,6,41.34,-13.67,10.92,-46.52,-21.82,26
lifting,17511,9,40.56,-13.94,10.92,-47.03,-21.82,25
lifting,17521,3,39.79,-14.16,11.54,-47.03,-21.82,25
lifting,17531,1,38.97,-14.38,11.54,-47.03,-22.55,25
lifting,17542,2,38.11,-14.67,11.54,-47.74,-22.55,25
lifting,17552,1,37.32,-14.96,12.15,-48.34,-23.27,25
lifting,17562,1,36.47,-15.17,12.15,-48.34,-23.77,25
lifting,17572,3,35.65,-15.37,12.15,-48.34,-23.77,25
lifting,17584,4,34.71,-15.55,12.67,-48.86,-23.77,24
lifting,17596,5,33.80,-15.70,12.67,-48.86,-24.65,24
lifting,17606,2,32.95,-15.86,12.67,-48.86,-25.15,24
lifting,17617,0,32.13,-16.00,12.67,-49.58,-25.15,24
lifting,17629,2,31.19,-16.14,12.67,-49.58,-25.15,24
lifting,17639,2,30.39,-16.25,12.67,-49.58,-25.15,23
lifting,17650,2,29.59,-16.41,11.87,-50.10,-25.15,23
lifting,17660,1,28.76,-16.55,8.79,-50.10,-25.77,23
lifting,17671,1,27.86,-16.64,13.50,-50.10,-26.27,23
lifting,17681,0,27.03,-16.73,13.50,-50.10,-26.27,23
lifting,17690,0,26.24,-16.87,13.50,-50.65,-26.88,22
lifting,17700,1,25.49,-16.87,13.50,-50.65,-26.88,22
lifting,17711,0,24.61,-17.02,14.01,-50.65,-26.88,22
lifting,17721,0,23.88,-17.13,14.01,-51.27,-27.56,22
lifting,17731,0,23.13,-17.34,14.01,-51.27,-27.56,22
lifting,17741,0,22.34,-17.50,14.59,-51.27,-27.56,21
lifting,17752,0,21.50,-17.65,14.59,-51.27,-27.56,21
lifting,17762,0,20.77,-17.65,14.59,-51.27,-28.18,21
lifting,17772,0,20.08,-17.70,14.59,-51.27,-28.18,20
lifting,17784,1,19.38,-17.87,15.13,-54.88,-28.18,15
lifting,17797,0,18.47,-17.99,15.13,-54.53,-28.70,19
lifting,17807,0,17.85,-18.11,15.13,-49.94,-28.70,20
lifting,17817,0,17.19,-18.20,15.13,-50.47,-28.70,19
lifting,17829,0,16.48,-18.30,15.13,-50.47,-28.70,19
lifting,17840,0,15.72,-18.39,15.13,-50.47,-28.70,19
lifting,17850,0,15.08,-18.48,15.13,-50.47,-29.24,19
lifting,17860,0,14.43,-18.54,15.13,-50.47,-29.79,19
lifting,17870,0,13.78,-18.57,15.67,-50.47,-29.79,19
lifting,17881,0,13.09,-18.60,15.67,-50.47,-29.79,19
lifting,17891,0,12.46,-18.63,15.67,-50.47,-29.79,19
lifting,17901,0,11.88,-18.61,16.26,-50.47,-29.79,18
lifting,17911,0,11.30,-18.57,16.26,-51.07,-29.79,18
lifting,17922,0,10.67,-18.56,16.26,-51.07,-29.79,18
lifting,17932,0,10.13,-18.57,16.26,-51.07,-29.79,18
lifting,17942,0,9.52,-18.61,16.86,-51.07,-29.79,18
lifting,17952,0,9.04,-18.65,16.86,-51.07,-30.31,18
lifting,17963,0,8.52,-18.78,16.86,-51.07,-30.31,18
lifting,17973,0,7.90,-18.90,16.86,-52.05,-30.31,18
lifting,17984,0,7.33,-18.99,16.86,-52.81,-30.31,18
lifting,17997,0,6.73,-19.03,16.86,-51.73,-30.31,17
lifting,18007,0,6.22,-19.06,16.86,-51.73,-30.31,17
lifting,18018,0,5.77,-19.08,16.86,-51.73,-31.13,17
lifting,18029,0,5.31,-19.10,17.40,-51.73,-35.37,17
lifting,18040,0,4.96,-19.15,17.40,-51.73,-31.32,17
lifting,18051,1,4.56,-19.23,17.40,-51.73,-30.22,17
lifting,18061,1,4.21,-19.31,17.40,-51.73,-30.22,17
lifting,18071,2,3.87,-19.38,17.40,-51.73,-30.22,16
lifting,18081,0,3.54,-19.43,17.40,-51.73,-30.22,16
lifting,18091,4,3.18,-19.44,17.40,-51.73,-30.22,16
lifting,18101,0,2.84,-19.44,17.40,-51.73,-30.22,16
lifting,18111,2,2.53,-19.46,17.40,-53.82,-30.22,16
lifting,18121,2,2.22,-19.46,17.40,-52.78,-30.22,16
lifting,18131,1,1.93,-19.45,17.40,-51.51,-30.22,16
lifting,18142,2,1.57,-19.48,17.40,-51.51,-30.22,16
lifting,18152,2,1.25,-19.53,17.40,-52.07,-30.22,16
lifting,18162,0,0.93,-19.57,17.40,-52.07,-30.22,16
lifting,18171,2,0.60,-19.59,17.40,-52.07,-30.22,16
lifting,18182,0,0.24,-19.59,17.40,-52.07,-30.22,16
lifting,18192,0,-0.10,-19.61,17.40,-52.07,-30.81,16
lifting,18202,0,-0.47,-19.63,17.40,-52.63,-30.81,16
lifting,18212,0,-0.83,-19.65,17.40,-54.69,-30.81,16
lifting,18223,0,-1.24,-19.63,17.40,-52.41,-30.81,16
lifting,18234,0,-1.62,-19.62,17.40,-52.41,-30.81,16
lifting,18246,0,-2.04,-19.59,17.40,-52.41,-30.81,16
lifting,18256,0,-2.40,-19.58,17.40,-52.41,-30.81,15
holding,18266,2,-2.78,-19.57,17.40,-52.41,-35,15
holding,18279,2,-3.15,-19.56,16.60,-52.98,-35,15
holding,18290,2,-3.46,-19.56,14.04,-52.98,-35,15
holding,18300,2,-3.76,-19.57,18.04,-52.98,-35,15
holding,18311,2,-4.10,-19.55,18.04,-52.98,-35,15
holding,18321,2,-4.43,-19.52,18.04,-54.97,-35,15
holding,18331,2,-4.73,-19.47,18.04,-54.17,-35,15
holding,18341,2,-5.03,-19.42,18.04,-53.00,-35,15
holding,18352,2,-5.33,-19.37,18.04,-53.00,-35,14
holding,18361,2,-5.59,-19.33,18.04,-53.00,-35,14
holding,18371,2,-5.83,-19.32,18.04,-53.81,-35,14
holding,18381,2,-6.06,-19.32,18.04,-55.20,-35,14
holding,18392,2,-6.30,-19.28,18.04,-53.46,-35,14
holding,18402,2,-6.53,-19.30,18.04,-55.93,-35,14
holding,18412,2,-6.73,-19.34,18.04,-53.47,-35,14
holding,18422,2,-6.92,-19.36,18.04,-53.47,-35,14
holding,18433,2,-7.15,-19.41,18.04,-53.47,-35,13
holding,18443,2,-7.38,-19.48,18.04,-53.47,-35,13
holding,18453,2,-7.62,-19.56,18.04,-53.47,-35,13
holding,18462,2,-7.87,-19.62,18.69,-53.47,-35,13
holding,18472,2,-8.12,-19.66,18.69,-53.47,-35,13
holding,18483,2,-8.38,-19.72,18.69,-53.47,-35,13
holding,18493,2,-8.62,-19.76,18.69,-53.47,-35,13
holding,18503,2,-8.85,-19.79,18.69,-53.47,-35,13
holding,18513,2,-9.00,-19.81,18.69,-53.47,-35,13
holding,18524,2,-9.17,-19.82,18.69,-53.47,-35,13
holding,18534,2,-9.35,-19.84,18.69,-53.47,-35,13
holding,18545,2,-9.50,-19.85,18.69,-53.47,-35,13
holding,18555,2,-9.67,-19.90,18.69,-54.02,-35,13
holding,18566,2,-9.85,-19.96,18.69,-54.02,-35,13
holding,18577,2,-10.02,-20.01,18.69,-54.02,-35,13
holding,18589,2,-10.20,-19.98,18.69,-54.02,-35,13
holding,18600,2,-10.29,-19.61,18.69,-54.02,-35,12
holding,18611,2,-10.68,-19.64,18.69,-54.68,-35,12
holding,18621,2,-11.08,-19.97,18.69,-57.19,-35,12
holding,18631,2,-11.42,-20.06,18.69,-56.42,-35,12
holding,18641,2,-11.57,-20.08,18.69,-54.05,-35,12
holding,18652,2,-11.61,-20.09,18.69,-54.05,-35,12
holding,18662,2,-11.69,-20.12,18.69,-54.05,-35,12
holding,18672,2,-11.79,-20.14,19.25,-54.05,-35,12
holding,18682,2,-11.94,-20.18,19.25,-54.05,-35,12
holding,18693,2,-12.11,-20.21,19.25,-54.05,-35,12
holding,18703,2,-12.27,-20.24,19.25,-54.05,-35,12
holding,18713,2,-12.43,-20.30,19.25,-54.05,-35,12
holding,18723,2,-12.58,-20.38,19.25,-54.05,-35,12
holding,18736,2,-12.70,-20.42,19.25,-54.05,-35,12
holding,18748,2,-12.78,-20.45,19.25,-54.05,-35,12
holding,18758,2,-12.81,-20.45,19.25,-54.05,-35,12
holding,18768,2,-12.85,-20.45,19.25,-54.05,-35,12
holding,18780,2,-12.89,-20.57,19.25,-54.61,-35,12
holding,18791,2,-12.94,-20.66,19.25,-55.96,-35,12
holding,18801,2,-12.98,-20.69,19.25,-54.09,-35,12
holding,18811,2,-12.97,-20.72,19.25,-54.09,-35,12
holding,18822,2,-12.95,-20.74,19.25,-54.09,-35,12
holding,18832,2,-12.92,-20.77,19.25,-54.09,-35,12
holding,18842,2,-12.87,-20.78,19.25,-54.09,-35,12
holding,18852,2,-12.80,-20.76,19.25,-54.09,-35,12
holding,18863,2,-12.72,-20.74,19.25,-54.09,-35,12
holding,18873,2,-12.64,-20.74,19.25,-54.09,-35,12
holding,18883,2,-12.56,-20.74,19.25,-54.09,-35,12
holding,18893,2,-12.44,-20.73,19.25,-54.09,-35,12
holding,18904,2,-12.27,-20.71,19.25,-54.09,-35,12
holding,18914,2,-12.10,-20.73,19.25,-54.09,-35,12
holding,18925,2,-11.95,-20.75,19.25,-54.09,-35,12
holding,18937,2,-11.80,-20.78,19.25,-54.09,-35,12
holding,18950,2,-11.65,-20.83,19.25,-55.24,-35,12
holding,18960,2,-11.55,-20.86,19.25,-57.54,-35,12
holding,18970,2,-11.46,-20.88,19.25,-56.94,-35,12
holding,18981,2,-11.39,-20.89,19.25,-54.34,-35,12
holding,18992,2,-11.29,-20.90,19.25,-54.34,-35,12
holding,19002,2,-11.18,-20.90,19.25,-54.34,-35,12
holding,19012,2,-11.09,-20.90,19.25,-54.34,-35,12
holding,19022,2,-10.98,-20.91,19.25,-54.34,-35,12
holding,19032,2,-10.88,-20.92,19.25,-54.34,-35,12
holding,19042,2,-10.78,-20.93,19.25,-54.34,-35,12
holding,19052,2,-10.69,-20.94,19.25,-54.34,-35,12
holding,19062,2,-10.62,-20.94,19.25,-54.34,-35,12
holding,19073,2,-10.54,-20.93,19.25,-54.34,-35,12
holding,19083,2,-10.48,-20.92,19.27,-54.34,-35,12
holding,19093,2,-10.41,-20.91,22.58,-54.34,-35,12
holding,19103,2,-10.36,-20.90,21.08,-54.34,-35,12
holding,19113,2,-10.31,-20.89,15.21,-54.34,-35,12
holding,19124,2,-10.25,-20.89,19.06,-54.34,-35,12
holding,19135,2,-10.20,-20.88,19.06,-54.34,-35,12
holding,19146,2,-10.15,-20.88,19.06,-54.34,-35,12
holding,19156,2,-10.11,-20.88,19.06,-54.34,-35,12
holding,19167,2,-10.06,-20.89,19.06,-54.34,-35,12
holding,19179,2,-10.03,-20.90,19.06,-54.34,-35,12
holding,19190,2,-10.01,-20.92,19.06,-54.34,-35,12
holding,19202,2,-10.00,-20.93,19.06,-54.34,-35,12
holding,19212,2,-10.00,-20.93,19.06,-54.34,-35,12
holding,19222,2,-9.99,-20.91,19.06,-54.34,-35,12
holding,19232,2,-9.98,-20.92,19.06,-54.34,-35,12
holding,19241,2,-9.95,-20.92,19.06,-54.34,-35,12
holding,19252,2,-9.92,-20.93,19.06,-54.34,-35,12
holding,19262,2,-9.90,-20.94,19.06,-54.34,-35,12
holding,19272,2,-9.87,-20.95,19.06,-54.34,-35,12
holding,19282,2,-9.86,-20.95,19.90,-54.34,-35,12
holding,19293,2,-9.85,-20.95,21.59,-54.34,-35,12
holding,19303,2,-9.85,-20.96,17.87,-54.34,-35,12
holding,19313,2,-9.84,-20.97,15.58,-54.34,-35,12
holding,19323,2,-9.85,-20.98,19.31,-54.34,-35,12
holding,19334,2,-9.86,-21.00,19.31,-54.34,-35,12
holding,19343,2,-9.85,-21.01,19.31,-54.34,-35,12
holding,19353,2,-9.84,-21.01,19.31,-54.34,-35,12
holding,19363,2,-9.82,-21.00,21.44,-54.34,-35,12
holding,19374,2,-9.81,-21.00,19.72,-54.34,-35,12
holding,19384,2,-9.80,-20.99,22.21,-54.34,-35,12
holding,19394,2,-9.79,-20.98,18.59,-54.34,-35,12
holding,19404,2,-9.77,-20.98,18.59,-54.34,-35,12
holding,19415,2,-9.75,-20.98,19.11,-54.34,-35,12
holding,19426,2,-9.72,-20.99,19.11,-54.34,-35,12
holding,19437,2,-9.71,-20.99,19.11,-54.34,-35,12
holding,19449,2,-9.69,-21.00,19.11,-54.34,-35,12
holding,19461,2,-9.67,-21.01,19.11,-54.34,-35,12
holding,19471,2,-9.65,-21.02,19.11,-54.34,-35,12
holding,19481,2,-9.64,-21.01,19.11,-54.34,-35,12
holding,19491,2,-9.64,-21.01,19.11,-54.34,-35,12
holding,19502,2,-9.64,-21.00,19.11,-54.34,-35,12
holding,19512,2,-9.64,-20.98,19.11,-54.34,-35,12
holding,19522,2,-9.64,-20.98,19.11,-54.34,-35,12
holding,19532,2,-9.63,-20.97,19.11,-54.34,-35,12
holding,19543,2,-9.62,-20.97,19.11,-54.34,-35,12
holding,19553,2,-9.60,-20.98,19.11,-54.34,-35,12
holding,19563,2,-9.59,-20.99,19.11,-54.34,-35,12
holding,19573,2,-9.57,-20.99,19.11,-54.34,-35,12
holding,19584,2,-9.55,-21.00,19.11,-54.34,-35,12
holding,19593,2,-9.52,-21.00,19.11,-54.34,-35,12
holding,19603,2,-9.51,-21.00,19.81,-54.34,-35,12
holding,19613,2,-9.48,-20.99,18.95,-54.34,-35,12
holding,19623,2,-9.45,-20.97,18.95,-54.34,-35,12
holding,19634,2,-9.42,-20.97,18.95,-54.34,-35,12
holding,19644,2,-9.38,-20.98,18.95,-54.34,-35,12
holding,19654,2,-9.34,-20.99,18.95,-54.34,-35,12
holding,19664,2,-9.29,-20.99,18.95,-54.34,-35,12
holding,19675,2,-9.26,-21.00,18.95,-54.34,-35,12
holding,19685,2,-9.23,-21.03,18.95,-54.34,-35,12
holding,19695,2,-9.20,-21.06,18.95,-54.34,-35,12
holding,19705,2,-9.18,-21.09,18.95,-54.34,-35,12
holding,19716,2,-9.17,-21.10,18.95,-54.34,-35,12
holding,19727,2,-9.15,-21.13,18.95,-54.34,-35,12
holding,19739,2,-9.15,-21.15,18.95,-54.34,-35,12
holding,19750,2,-9.16,-21.16,18.95,-54.34,-35,12
holding,19762,2,-9.16,-21.16,18.95,-54.34,-35,12
holding,19772,2,-9.17,-21.16,18.95,-54.34,-35,12
holding,19782,2,-9.17,-21.14,18.95,-54.34,-35,12
holding,19792,2,-9.16,-21.15,18.95,-54.34,-35,12
holding,19803,2,-9.16,-21.17,18.95,-54.34,-35,12
holding,19813,2,-9.16,-21.19,18.95,-54.34,-35,12
holding,19822,2,-9.17,-21.23,18.95,-54.34,-35,12
holding,19832,2,-9.19,-21.26,18.95,-54.34,-35,12
holding,19843,2,-9.20,-21.29,18.95,-54.34,-35,12
holding,19853,2,-9.21,-21.31,18.95,-54.34,-35,12
holding,19863,2,-9.22,-21.31,18.95,-54.34,-35,12
holding,19873,2,-9.23,-21.30,18.95,-54.34,-35,12
holding,19884,2,-9.24,-21.29,18.95,-54.34,-35,12
holding,19894,2,-9.25,-21.28,18.95,-54.34,-35,12
holding,19904,2,-9.25,-21.28,18.95,-54.34,-35,12
holding,19914,2,-9.24,-21.27,18.95,-54.34,-35,12
holding,19923,2,-9.21,-21.27,18.95,-54.34,-35,12
holding,19934,2,-9.19,-21.25,18.95,-54.34,-35,12
holding,19944,2,-9.17,-21.23,18.95,-54.34,-35,12
holding,19954,2,-9.16,-21.22,18.95,-54.34,-35,12
holding,19964,2,-9.15,-21.20,18.95,-54.34,-35,12
holding,19975,2,-9.14,-21.19,18.95,-54.34,-35,12
holding,19985,2,-9.12,-21.17,18.95,-54.34,-35,12
holding,19996,2,-9.09,-21.16,18.95,-54.34,-35,12
holding,20006,2,-9.07,-21.15,18.95,-54.34,-35,12
holding,20016,2,-9.04,-21.13,18.95,-54.34,-35,12
holding,20028,2,-9.01,-21.11,18.95,-54.34,-35,12
holding,20040,2,-8.98,-21.09,18.95,-54.34,-35,12
holding,20051,2,-8.96,-21.06,18.95,-54.34,-35,12
holding,20063,2,-8.94,-21.04,18.95,-54.34,-35,12
holding,20072,2,-8.92,-21.02,18.95,-54.34,-35,12
holding,20082,2,-8.92,-21.02,18.95,-54.34,-35,12
holding,20092,2,-8.92,-21.02,18.95,-54.34,-35,12
holding,20103,2,-8.92,-21.02,18.95,-54.34,-35,12
holding,20113,2,-8.91,-21.02,18.95,-54.34,-35,12
holding,20123,2,-8.93,-21.03,18.95,-54.34,-35,12
holding,20133,2,-8.94,-21.04,18.95,-54.34,-35,12
holding,20144,2,-8.96,-21.05,18.95,-54.34,-35,12
holding,20154,2,-8.96,-21.05,18.95,-54.34,-35,12
holding,20164,2,-8.97,-21.05,18.95,-54.34,-35,12
holding,20174,2,-8.98,-21.05,18.95,-54.34,-35,12
holding,20184,2,-8.99,-21.05,18.95,-54.34,-35,12
holding,20194,2,-9.01,-21.05,18.95,-54.34,-35,12
holding,20204,2,-9.03,-21.04,18.95,-54.34,-35,12
holding,20214,2,-9.05,-21.04,19.73,-54.34,-35,12
holding,20225,2,-9.07,-21.04,21.45,-54.34,-35,12
holding,20236,2,-9.09,-21.02,18.62,-54.34,-35,12
holding,20247,2,-9.10,-21.00,18.62,-54.34,-35,12
holding,20257,2,-9.11,-20.99,18.62,-54.34,-35,12
holding,20271,2,-9.10,-20.97,18.62,-54.34,-35,12
holding,20282,2,-9.09,-20.96,18.62,-54.34,-35,12
holding,20292,2,-9.10,-20.96,19.12,-54.34,-35,12
holding,20302,2,-9.10,-20.95,19.12,-54.34,-35,12
holding,20313,2,-9.10,-20.95,19.12,-54.34,-35,12
holding,20323,2,-9.09,-20.94,19.12,-54.34,-35,12
holding,20333,2,-9.10,-20.94,19.12,-54.34,-35,12
holding,20343,2,-9.12,-20.94,19.12,-54.34,-35,12
holding,20354,2,-9.13,-20.94,19.12,-54.34,-35,12
holding,20364,2,-9.14,-20.93,19.12,-54.34,-35,12
holding,20374,2,-9.15,-20.92,19.12,-54.34,-35,12
holding,20384,2,-9.17,-20.91,21.92,-54.34,-35,12
holding,20395,2,-9.18,-20.89,19.24,-54.34,-35,12
holding,20404,2,-9.19,-20.88,21.65,-54.34,-35,12
holding,20414,2,-9.20,-20.85,18.93,-54.34,-35,12
holding,20424,2,-9.21,-20.82,18.93,-54.34,-35,12
holding,20434,2,-9.22,-20.79,18.93,-54.34,-35,12
holding,20446,2,-9.23,-20.77,19.72,-54.34,-35,12
holding,20456,2,-9.23,-20.75,21.29,-54.34,-35,12
holding,20467,2,-9.24,-20.75,18.59,-54.34,-35,12
holding,20480,2,-9.26,-20.74,18.59,-54.34,-35,12
holding,20492,2,-9.27,-20.74,19.12,-54.34,-35,12
holding,20503,2,-9.29,-20.74,19.12,-54.34,-35,12
holding,20513,2,-9.31,-20.74,19.12,-54.34,-35,12
holding,20523,2,-9.33,-20.74,19.12,-54.34,-35,12
holding,20533,2,-9.36,-20.74,19.12,-54.34,-35,12
holding,20543,2,-9.38,-20.74,19.12,-54.34,-35,12
holding,20553,2,-9.38,-20.73,21.75,-54.34,-35,12
holding,20563,2,-9.39,-20.73,19.32,-54.34,-35,12
holding,20574,2,-9.39,-20.73,21.71,-54.34,-35,12
holding,20584,2,-9.39,-20.72,18.78,-54.34,-35,12
holding,20594,2,-9.41,-20.71,18.78,-54.34,-35,12
holding,20604,2,-9.43,-20.71,18.78,-54.34,-35,12
holding,20615,2,-9.45,-20.72,18.78,-54.34,-35,12
holding,20624,2,-9.47,-20.73,19.35,-54.34,-35,12
holding,20634,2,-9.48,-20.72,21.72,-54.34,-35,12
holding,20644,2,-9.49,-20.71,18.59,-54.34,-35,12
holding,20655,2,-9.49,-20.69,18.59,-54.34,-35,12
holding,20665,2,-9.49,-20.68,18.59,-54.34,-35,12
holding,20675,2,-9.51,-20.66,18.59,-54.34,-35,12
holding,20686,2,-9.54,-20.65,18.59,-54.34,-35,12
holding,20698,2,-9.55,-20.64,18.59,-54.34,-35,12
holding,20708,2,-9.54,-20.63,18.59,-54.34,-35,12
holding,20720,2,-9.52,-20.61,18.59,-54.34,-35,12
holding,20732,2,-9.51,-20.61,18.59,-54.34,-35,12
holding,20743,2,-9.51,-20.60,18.59,-54.34,-35,12
holding,20753,2,-9.50,-20.59,18.59,-54.34,-35,12
holding,20763,2,-9.50,-20.58,18.59,-54.34,-35,12
holding,20773,2,-9.50,-20.57,19.15,-54.34,-35,12
holding,20784,2,-9.51,-20.57,19.15,-54.34,-35,12
holding,20794,2,-9.51,-20.57,19.15,-54.34,-35,12
holding,20804,2,-9.51,-20.58,18.61,-54.34,-35,12
holding,20814,2,-9.49,-20.59,17.87,-54.34,-35,12
holding,20825,2,-9.49,-20.60,15.19,-54.34,-35,12
holding,20835,2,-9.50,-20.60,19.03,-54.34,-35,12
holding,20844,2,-9.52,-20.60,19.03,-54.34,-35,12
holding,20854,2,-9.51,-20.60,19.03,-54.34,-35,12
holding,20865,2,-9.50,-20.59,19.03,-54.34,-35,12
holding,20875,2,-9.50,-20.58,19.03,-54.34,-35,12
holding,20885,2,-9.50,-20.58,19.03,-54.34,-35,12
holding,20895,2,-9.50,-20.58,19.03,-54.34,-35,12
holding,20905,2,-9.51,-20.58,19.03,-54.34,-35,12
holding,20916,2,-9.51,-20.57,19.03,-54.94,-35,12
holding,20926,2,-9.53,-20.56,19.03,-54.94,-35,12
holding,20936,2,-9.57,-20.56,19.03,-54.94,-35,12
holding,20947,2,-9.61,-20.55,19.03,-54.94,-35,12
holding,20958,2,-9.65,-20.55,19.03,-54.94,-35,12
holding,20968,2,-9.69,-20.56,19.03,-54.94,-35,12
holding,20979,2,-9.73,-20.56,19.03,-54.94,-35,12
holding,20992,2,-9.76,-20.56,19.03,-54.94,-35,12
holding,21003,2,-9.77,-20.56,19.03,-54.94,-35,12
holding,21013,2,-9.78,-20.56,19.03,-54.94,-35,12
holding,21023,2,-9.77,-20.56,19.57,-54.94,-35,12
holding,21033,2,-9.75,-20.57,21.95,-54.94,-35,12
holding,21044,2,-9.69,-20.57,18.62,-54.94,-35,12
holding,21054,2,-9.64,-20.57,18.62,-54.94,-35,12
holding,21064,2,-9.55,-20.59,18.62,-54.94,-35,12
holding,21074,2,-9.45,-20.61,18.62,-54.94,-35,12
holding,21084,2,-9.32,-20.64,18.62,-54.94,-35,12
holding,21094,2,-9.19,-20.66,18.62,-54.41,-35,12
holding,21104,2,-9.02,-20.72,18.62,-54.41,-35,12
holding,21114,2,-8.84,-20.77,18.62,-54.41,-35,12
holding,21125,2,-8.63,-20.82,18.62,-54.41,-35,12
holding,21135,2,-8.45,-20.87,18.62,-54.41,-35,12
holding,21145,2,-8.30,-20.92,18.62,-53.89,-35,12
holding,21155,2,-8.13,-21.00,18.62,-53.89,-35,13
holding,21166,2,-7.93,-21.08,18.62,-53.89,-35,13
holding,21176,2,-7.75,-21.15,18.62,-53.39,-35,13
holding,21185,2,-7.58,-21.23,18.62,-53.39,-35,13
holding,21195,2,-7.41,-21.30,18.62,-53.39,-35,14
holding,21206,2,-7.22,-21.37,18.62,-52.67,-35,14
holding,21216,2,-7.03,-21.44,18.62,-52.67,-35,14
holding,21226,2,-6.86,-21.52,18.62,-54.78,-35,14
holding,21236,2,-6.70,-21.58,18.06,-55.71,-35,14
holding,21248,2,-6.49,-21.63,18.06,-55.45,-35,14
holding,21258,2,-6.35,-21.60,18.06,-61.24,-35,14
holding,21268,2,-6.21,-21.58,18.06,-51.76,-35,15
holding,21280,2,-5.96,-21.66,18.06,-51.59,-35,15
holding,21293,2,-5.72,-21.70,17.53,-51.59,-35,16
holding,21303,2,-5.44,-21.75,17.53,-51.59,-35,16
holding,21313,2,-5.21,-21.79,17.53,-51.59,-35,16
holding,21323,2,-4.99,-21.83,17.53,-51.59,-35,16
holding,21334,2,-4.71,-21.95,17.03,-51.59,-35,16
holding,21344,2,-4.44,-22.02,17.03,-51.59,-35,16
holding,21354,2,-4.13,-22.04,17.03,-51.03,-35,17
holding,21364,2,-3.82,-22.08,16.42,-51.03,-35,17
holding,21374,2,-3.50,-22.17,16.42,-51.03,-35,17
holding,21385,2,-2.97,-22.23,15.89,-50.36,-35,17
holding,21395,2,-2.34,-22.19,15.89,-49.81,-35,17
lowering,21405,2,-1.54,-22.20,15.89,-49.81,-26.96,17
lowering,21415,6,-0.52,-22.18,15.30,-49.81,-26.96,18
lowering,21425,6,0.76,-22.17,15.30,-49.11,-26.96,18
lowering,21435,4,2.23,-22.13,14.78,-48.54,-26.96,18
lowering,21445,7,3.72,-22.16,14.78,-50.05,-26.96,18
lowering,21455,5,5.21,-22.23,14.78,-48.95,-26.96,18
lowering,21466,7,6.62,-22.46,14.25,-49.40,-26.96,19
lowering,21476,6,8.00,-22.90,14.25,-53.59,-26.96,19
lowering,21487,8,9.36,-23.45,13.74,-47.01,-26.96,20
lowering,21499,9,10.64,-23.86,13.74,-46.18,-26.96,20
lowering,21510,10,11.78,-24.14,13.07,-46.18,-26.37,20
lowering,21520,11,12.92,-24.44,13.07,-46.18,-25.82,20
lowering,21532,11,14.26,-24.67,13.07,-46.18,-25.82,21
lowering,21543,8,15.46,-24.90,12.51,-46.18,-25.09,21
lowering,21554,9,16.72,-25.12,12.51,-45.39,-24.46,21
lowering,21564,8,17.89,-25.28,12.51,-45.39,-24.46,21
lowering,21574,8,19.07,-25.36,12.51,-44.80,-23.96,22
lowering,21584,10,20.52,-25.31,12.51,-44.80,-24.61,22
lowering,21595,8,21.87,-25.17,11.96,-44.03,-23.22,23
lowering,21605,6,22.99,-24.89,11.96,-45.12,-23.22,23
lowering,21615,7,24.44,-24.73,11.35,-45.79,-23.22,23
lowering,21625,9,25.63,-24.39,11.35,-43.73,-23.22,23
lowering,21636,7,26.99,-24.18,11.35,-42.83,-22.44,23
lowering,21646,12,28.23,-24.02,10.72,-42.83,-22.44,24
lowering,21656,13,29.50,-23.90,10.72,-42.83,-21.84,24
lowering,21666,8,30.81,-23.92,10.72,-43.86,-21.23,24
lowering,21677,13,32.20,-24.00,10.12,-41.87,-21.23,24
lowering,21688,7,33.56,-23.99,10.12,-41.87,-21.23,24
lowering,21700,8,35.17,-23.89,9.62,-41.87,-21.23,25
lowering,21710,11,36.49,-23.89,10.23,-41.34,-20.49,25
lowering,21721,12,37.88,-23.97,12.99,-41.34,-19.94,26
lowering,21733,12,39.34,-23.96,11.24,-40.75,-19.94,26
lowering,21744,11,40.72,-23.73,8.74,-40.75,-19.94,26
lowering,21754,10,42.05,-23.47,8.74,-40.25,-19.40,26
lowering,21765,11,43.39,-23.23,8.15,-41.24,-18.73,27
lowering,21775,15,44.57,-23.07,7.57,-40.05,-18.73,27
lowering,21785,13,45.78,-23.02,7.57,-45.69,-20.70,27
lowering,21794,14,47.01,-22.74,6.94,-42.60,-27.80,27
lowering,21805,11,48.24,-22.52,6.30,-37.59,-17.91,27
lowering,21815,13,49.46,-22.49,5.60,-37.59,-17.82,28
lowering,21825,13,50.71,-22.52,5.60,-37.59,-17.82,29
lowering,21835,13,51.93,-22.32,5.05,-37.59,-17.82,29
lowering,21846,19,53.24,-22.17,5.05,-39.13,-17.82,29
lowering,21856,18,54.30,-22.12,5.05,-45.42,-17.31,29
lowering,21866,17,55.41,-21.90,5.05,-36.82,-16.80,30
lowering,21876,18,56.52,-21.95,4.41,-36.75,-16.80,30
lowering,21889,18,57.71,-21.89,3.86,-36.75,-16.25,31
lowering,21901,18,58.95,-21.70,3.86,-36.75,-15.74,31
lowering,21911,17,59.97,-21.61,3.86,-36.75,-15.74,32
lowering,21921,17,61.12,-21.70,3.86,-36.75,-14.95,33
lowering,21934,14,62.23,-21.69,3.86,-36.75,-14.95,33
lowering,21944,18,63.30,-21.62,3.86,-36.75,-14.95,34
lowering,21954,17,64.32,-21.77,3.86,-41.45,-14.32,35
lowering,21964,16,65.29,-21.75,3.86,-38.18,-14.32,35
lowering,21975,18,66.25,-21.37,3.86,-40.38,-14.32,35
lowering,21985,13,67.25,-21.04,3.86,-38.79,-14.32,36
lowering,21995,13,68.21,-20.44,3.86,-38.21,-14.32,37
lowering,22005,16,69.25,-19.88,3.18,-36.66,-14.32,37
lowering,22016,15,70.31,-19.68,3.18,-36.66,-14.32,37
lowering,22026,19,71.22,-19.69,3.18,-36.66,-14.32,38
lowering,22036,19,72.22,-19.46,3.18,-36.13,-14.32,38
lowering,22046,25,73.00,-18.75,2.56,-36.13,-14.32,39
lowering,22056,31,73.87,-18.61,2.56,-35.56,-14.32,39
lowering,22067,35,74.80,-18.70,2.56,-35.03,-14.32,39
lowering,22078,41,75.74,-18.13,2.56,-35.03,-14.32,40
lowering,22090,45,76.71,-17.91,2.04,-35.03,-14.32,40
lowering,22103,40,77.74,-18.02,2.04,-35.03,-14.32,40
lowering,22113,41,78.67,-17.57,1.42,-34.53,-14.32,41
lowering,22123,42,79.45,-16.31,1.42,-34.53,-14.32,43
lowering,22134,42,80.27,-14.70,1.42,-34.53,-14.32,43
lowering,22145,39,81.20,-13.64,1.42,-36.21,-14.32,42
lowering,22155,41,82.20,-9.85,1.42,-42.40,-14.32,42
lowering,22165,42,82.73,-9.29,0.89,-34.02,-14.32,43
lowering,22175,45,83.37,-7.00,0.89,-33.42,-14.32,43
lowering,22184,42,84.03,-6.31,0.89,-34.07,-14.32,43
lowering,22195,45,84.55,-5.76,0.89,-34.07,-14.32,43
lowering,22205,46,85.13,-5.38,0.89,-34.07,-14.32,44
lowering,22215,46,85.74,-3.92,0.89,-34.07,-14.32,44
lowering,22225,48,86.31,-2.95,0.89,-33.47,-13.77,44
lowering,22236,40,86.92,0.79,0.89,-33.47,-13.77,44
lowering,22246,41,87.54,5.57,0.89,-33.47,-13.77,44
lowering,22255,39,88.15,10.70,0.89,-33.47,-13.77,45
lowering,22265,42,88.69,16.05,0.89,-33.47,-13.77,45
lowering,22276,41,89.23,20.54,0.89,-33.47,-13.77,46
lowering,22286,33,89.66,23.78,0.89,-33.47,-13.77,46
lowering,22297,38,90.10,27.06,0.89,-33.47,-13.77,46
lowering,22306,37,90.51,30.23,0.89,-33.47,-13.77,46
lowering,22317,41,90.93,33.48,0.89,-33.47,-13.77,46
lowering,22329,41,91.35,37.64,0.89,-33.47,-13.77,46
lowering,22341,45,91.79,41.98,0.89,-33.47,-13.77,47
lowering,22353,48,92.11,45.22,0.89,-34.02,-13.77,47
lowering,22364,49,92.42,48.41,0.89,-35.65,-13.77,48
lowering,22374,52,92.64,51.27,0.89,-34.93,-13.77,48
lowering,22384,52,92.88,53.80,0.89,-36.26,-13.77,48
lowering,22394,47,93.09,56.19,0.89,-32.60,-13.77,49
lowering,22405,48,93.31,58.54,0.89,-33.14,-13.77,48
lowering,22415,49,93.50,60.66,0.89,-33.14,-13.77,48
lowering,22425,52,93.68,62.85,0.89,-33.14,-13.77,48
lowering,22435,50,93.88,65.43,0.89,-33.14,-13.77,48
lowering,22446,44,94.07,67.90,0.89,-33.14,-13.25,48
lowering,22456,45,94.19,70.26,0.89,-33.14,-13.25,48
lowering,22466,48,94.36,72.84,0.89,-33.14,-13.88,48
lowering,22476,50,94.36,75.11,0.89,-33.14,-13.88,48
lowering,22487,51,94.36,77.62,0.89,-33.14,-13.25,49
lowering,22496,52,94.36,79.46,0.89,-33.14,-13.25,49
lowering,22506,53,94.36,81.32,0.89,-33.14,-13.25,49
lowering,22516,50,94.36,83.22,0.89,-33.14,-13.25,49
lowering,22526,49,94.36,84.83,0.89,-33.14,-13.25,49
lowering,22537,51,94.36,86.63,1.77,-33.14,-13.25,49
lowering,22547,49,94.36,88.74,2.80,-33.14,-13.25,49
lowering,22557,48,94.36,90.62,-0.74,-33.14,-13.25,49
lowering,22567,48,94.36,92.53,-5.01,-33.14,-13.25,49
lowering,22578,43,94.36,94.37,1.04,-33.14,-13.25,50
lowering,22587,45,94.36,96.17,1.04,-33.14,-13.25,50
lowering,22598,47,94.36,97.60,1.04,-33.14,-13.25,50
lowering,22607,43,94.36,98.80,1.04,-33.14,-12.65,50
lowering,22618,45,94.36,99.92,1.04,-32.59,-12.65,50
lowering,22629,48,94.36,100.79,1.04,-32.59,-12.65,50
lowering,22642,50,94.36,101.70,2.39,-32.59,-13.77,50
lowering,22653,50,94.36,102.72,0.68,-32.59,-12.49,50
lowering,22665,47,94.36,104.18,0.68,-32.59,-12.49,51
lowering,22675,49,94.36,105.81,0.68,-32.59,-12.49,51
lowering,22685,49,94.36,107.28,0.68,-32.59,-12.49,44
lowering,22695,47,94.36,108.69,0.68,-32.59,-12.49,51
lowering,22706,46,94.36,110.03,0.68,-32.59,-12.49,51
lowering,22716,45,94.36,111.72,0.68,-32.59,-12.49,51
lowering,22725,49,94.36,113.57,0.68,-32.59,-12.49,51
lowering,22735,51,94.36,115.46,0.68,-32.59,-12.49,51
lowering,22746,56,94.36,117.03,0.68,-32.59,-12.49,51
lowering,22756,58,94.36,118.29,0.68,-32.59,-12.49,51
lowering,22766,58,94.36,119.26,0.68,-32.59,-12.49,51
lowering,22776,58,94.36,120.06,0.68,-32.59,-12.49,51
lowering,22788,57,94.36,120.79,0.68,-32.59,-12.49,51
lowering,22799,61,94.36,121.52,0.68,-33.19,-12.49,51
lowering,22809,65,94.36,122.26,0.68,-33.19,-12.49,51
lowering,22822,66,94.36,123.14,0.68,-33.76,-13.10,51
lowering,22834,68,94.36,124.08,0.68,-34.32,-13.92,52
lowering,22845,66,94.36,125.13,0.68,-33.55,-12.85,52
lowering,22855,65,94.36,126.18,0.68,-33.55,-12.85,53
lowering,22865,70,94.36,127.07,0.68,-33.55,-12.85,51
lowering,22876,67,94.36,127.84,1.30,-33.55,-12.28,51
lowering,22886,70,94.36,128.41,2.69,-33.55,-12.28,51
lowering,22896,69,94.36,128.87,1.02,-33.55,-12.28,51
lowering,22906,67,94.36,129.34,1.95,-33.55,-12.28,51
lowering,22917,65,94.36,129.86,0.48,-33.55,-11.64,51
lowering,22927,66,94.36,130.33,0.48,-33.55,-11.64,51
lowering,22936,65,94.36,130.93,0.48,-33.55,-11.64,51
lowering,22946,59,94.36,131.48,0.48,-33.55,-11.64,51
lowering,22957,53,94.36,131.89,0.48,-33.55,-11.64,51
lowering,22967,51,94.36,132.34,0.48,-33.55,-10.92,51
lowering,22978,45,94.36,132.40,0.48,-33.55,-10.92,51
lowering,22989,39,94.36,132.59,0.48,-33.55,-10.92,51
lowering,23002,38,94.36,132.84,0.48,-33.55,-10.92,51
lowering,23012,39,94.36,133.00,0.48,-33.55,-10.30,51
done,,,,,,,,